dataset,model,pipeline_steps,variance_threshold,feature_selection__k,classifier_class,classifier_params,parameter_source,status
Wearable + Questionnaire,Logistic Regression,preprocessing -> variance_filter -> feature_selection -> classifier,0.0,1000,LogisticRegression,"{'C': 1, 'class_weight': 'balanced', 'dual': False, 'fit_intercept': True, 'intercept_scaling': 1, 'l1_ratio': 0.0, 'max_iter': 1000, 'n_jobs': None, 'penalty': 'deprecated', 'random_state': 42, 'solver': 'lbfgs', 'tol': 0.0001, 'verbose': 0, 'warm_start': False}",candidate_models,PASS
Full Multimodal,Random Forest,preprocessing -> variance_filter -> feature_selection -> classifier,0.0,50,RandomForestClassifier,"{'bootstrap': True, 'ccp_alpha': 0.0, 'class_weight': 'balanced', 'criterion': 'gini', 'max_depth': None, 'max_features': 'sqrt', 'max_leaf_nodes': None, 'max_samples': None, 'min_impurity_decrease': 0.0, 'min_samples_leaf': 1, 'min_samples_split': 5, 'min_weight_fraction_leaf': 0.0, 'monotonic_cst': None, 'n_estimators': 200, 'n_jobs': None, 'oob_score': False, 'random_state': 42, 'verbose': 0, 'warm_start': False}",candidate_models,PASS
Full Multimodal,Logistic Regression,preprocessing -> variance_filter -> feature_selection -> classifier,0.0,1000,LogisticRegression,"{'C': 1, 'class_weight': 'balanced', 'dual': False, 'fit_intercept': True, 'intercept_scaling': 1, 'l1_ratio': 0.0, 'max_iter': 1000, 'n_jobs': None, 'penalty': 'deprecated', 'random_state': 42, 'solver': 'lbfgs', 'tol': 0.0001, 'verbose': 0, 'warm_start': False}",candidate_models,PASS
Wearable + Questionnaire,XGBoost,preprocessing -> variance_filter -> feature_selection -> classifier,0.0,1000,XGBClassifier,"{'objective': 'multi:softprob', 'base_score': None, 'booster': None, 'callbacks': None, 'colsample_bylevel': None, 'colsample_bynode': None, 'colsample_bytree': 0.8, 'device': None, 'early_stopping_rounds': None, 'enable_categorical': True, 'eval_metric': 'mlogloss', 'feature_types': None, 'feature_weights': None, 'gamma': None, 'grow_policy': None, 'importance_type': None, 'interaction_constraints': None, 'learning_rate': 0.1, 'max_bin': None, 'max_cat_threshold': None, 'max_cat_to_onehot': None, 'max_delta_step': None, 'max_depth': 3, 'max_leaves': None, 'min_child_weight': None, 'missing': nan, 'monotone_constraints': None, 'multi_strategy': None, 'n_estimators': 200, 'n_jobs': -1, 'num_parallel_tree': None, 'random_state': 42, 'reg_alpha': None, 'reg_lambda': None, 'sampling_method': None, 'scale_pos_weight': None, 'subsample': 0.8, 'tree_method': None, 'validate_parameters': None, 'verbosity': None}",candidate_models,PASS
Wearable + Questionnaire,Random Forest,preprocessing -> variance_filter -> feature_selection -> classifier,0.0,50,RandomForestClassifier,"{'bootstrap': True, 'ccp_alpha': 0.0, 'class_weight': 'balanced', 'criterion': 'gini', 'max_depth': None, 'max_features': 'log2', 'max_leaf_nodes': None, 'max_samples': None, 'min_impurity_decrease': 0.0, 'min_samples_leaf': 1, 'min_samples_split': 5, 'min_weight_fraction_leaf': 0.0, 'monotonic_cst': None, 'n_estimators': 300, 'n_jobs': None, 'oob_score': False, 'random_state': 42, 'verbose': 0, 'warm_start': False}",candidate_models,PASS
Full Multimodal,XGBoost,preprocessing -> variance_filter -> feature_selection -> classifier,0.0,1000,XGBClassifier,"{'objective': 'multi:softprob', 'base_score': None, 'booster': None, 'callbacks': None, 'colsample_bylevel': None, 'colsample_bynode': None, 'colsample_bytree': 1.0, 'device': None, 'early_stopping_rounds': None, 'enable_categorical': True, 'eval_metric': 'mlogloss', 'feature_types': None, 'feature_weights': None, 'gamma': None, 'grow_policy': None, 'importance_type': None, 'interaction_constraints': None, 'learning_rate': 0.1, 'max_bin': None, 'max_cat_threshold': None, 'max_cat_to_onehot': None, 'max_delta_step': None, 'max_depth': 3, 'max_leaves': None, 'min_child_weight': None, 'missing': nan, 'monotone_constraints': None, 'multi_strategy': None, 'n_estimators': 200, 'n_jobs': -1, 'num_parallel_tree': None, 'random_state': 42, 'reg_alpha': None, 'reg_lambda': None, 'sampling_method': None, 'scale_pos_weight': None, 'subsample': 0.8, 'tree_method': None, 'validate_parameters': None, 'verbosity': None}",candidate_models,PASS
Demographics + Questionnaire,Random Forest,preprocessing -> variance_filter -> feature_selection -> classifier,0.0,50,RandomForestClassifier,"{'bootstrap': True, 'ccp_alpha': 0.0, 'class_weight': 'balanced', 'criterion': 'gini', 'max_depth': None, 'max_features': 'log2', 'max_leaf_nodes': None, 'max_samples': None, 'min_impurity_decrease': 0.0, 'min_samples_leaf': 1, 'min_samples_split': 10, 'min_weight_fraction_leaf': 0.0, 'monotonic_cst': None, 'n_estimators': 100, 'n_jobs': None, 'oob_score': False, 'random_state': 42, 'verbose': 0, 'warm_start': False}",candidate_models,PASS
Demographics + Questionnaire,Logistic Regression,preprocessing -> variance_filter -> feature_selection -> classifier,0.0,all,LogisticRegression,"{'C': 0.1, 'class_weight': 'balanced', 'dual': False, 'fit_intercept': True, 'intercept_scaling': 1, 'l1_ratio': 0.0, 'max_iter': 1000, 'n_jobs': None, 'penalty': 'deprecated', 'random_state': 42, 'solver': 'lbfgs', 'tol': 0.0001, 'verbose': 0, 'warm_start': False}",candidate_models,PASS
Demographics + Questionnaire,XGBoost,preprocessing -> variance_filter -> feature_selection -> classifier,0.0,all,XGBClassifier,"{'objective': 'multi:softprob', 'base_score': None, 'booster': None, 'callbacks': None, 'colsample_bylevel': None, 'colsample_bynode': None, 'colsample_bytree': 1.0, 'device': None, 'early_stopping_rounds': None, 'enable_categorical': True, 'eval_metric': 'mlogloss', 'feature_types': None, 'feature_weights': None, 'gamma': None, 'grow_policy': None, 'importance_type': None, 'interaction_constraints': None, 'learning_rate': 0.1, 'max_bin': None, 'max_cat_threshold': None, 'max_cat_to_onehot': None, 'max_delta_step': None, 'max_depth': 3, 'max_leaves': None, 'min_child_weight': None, 'missing': nan, 'monotone_constraints': None, 'multi_strategy': None, 'n_estimators': 200, 'n_jobs': -1, 'num_parallel_tree': None, 'random_state': 42, 'reg_alpha': None, 'reg_lambda': None, 'sampling_method': None, 'scale_pos_weight': None, 'subsample': 1.0, 'tree_method': None, 'validate_parameters': None, 'verbosity': None}",candidate_models,PASS
