Dataset,Model,Macro F1,Standard Deviation,Minimum Fold,Maximum Fold,Coefficient of Variation (%)
Multimodal,XGBoost,0.7356631359460462,0.047483491887687364,0.6484070956647661,0.7866110497689446,6.454515601984687
Demographics + Questionnaire,XGBoost,0.724288094122694,0.04923433458697116,0.6531260045001607,0.8005467301332416,6.797617548388264
Demographics + Questionnaire,Random Forest,0.7220898820304844,0.04140058292067012,0.6696428571428571,0.7910355410355411,5.7334390012852054
Multimodal,Logistic Regression,0.6787516430823659,0.037340366134549524,0.6405662114873576,0.7383063370275647,5.501329759583109
Multimodal,Random Forest,0.6719733677129064,0.02885763131464786,0.6434035845800552,0.7222222222222222,4.294460569600577
Wearable + Questionnaire,Random Forest,0.6700125501154935,0.025847186569196105,0.6277056277056277,0.7069880138778205,3.8577167792962523
Wearable + Questionnaire,XGBoost,0.6661338602995308,0.014931416949687611,0.644,0.6845938375350141,2.2415039738369726
Wearable + Questionnaire,Logistic Regression,0.656841296469485,0.02622978005633824,0.6178335569763465,0.6919011082693948,3.993320791083483
Demographics + Questionnaire,Logistic Regression,0.6267473179500643,0.030357128965600087,0.5741048698365772,0.6594315245478036,4.843599341580074
